Method,CR (%),ADE (m),FDE (m)
Baseline,3.18,1.578,3.9260000000000006
Ours,1.02,1.488,3.6519999999999997
